<?xml version="1.0" encoding="UTF-8" standalone="yes"?>
<psExtension xmlns="http://www.powerschool.com" xmlns:xsi="http://www.w3.org/2001/XMLSchema-instance" xsi:schemaLocation="http://www.powerschool.com psextension.xsd">
    <extensionname>U_LOCKER_INFO</extensionname>
    <extendedTable type="standalone" dbTableName="U_LOCKER_INFO" childName="U_LOCKER_INFO ">
        <field name="LOCKER_NUMBER" type="String" length="50" comment="Unique name identifying the locker. This can contain alpha numeric characters."/>
        <field name="SCHOOL_ID" type="Integer" comment="Id of school to which the locker belongs"/>
        <field name="LOCKER_GROUP_ID" type="Integer" comment="Id of group with which this locker is associated."/>
        <field name="LOCKER_COMBO_SERIAL_NUM" type="string" length="50" comment="Serial number of the lock associated with the locker"/>
        <field name="NO_OF_STU" type="Integer" comment="Number of students sharing this locker"/>
        <field name="LOCK_TYPE" type="Integer" comment="Type of lock used on the locker"/>
        <field name="NOTES" type="String" length="4000" comment="Any Notes related to the locker"/>
    </extendedTable>
</psExtension>