<?xml version="1.0" encoding="UTF-8" standalone="yes"?>
<psExtension xmlns="http://www.powerschool.com" xmlns:xsi="http://www.w3.org/2001/XMLSchema-instance" xsi:schemaLocation="http://www.powerschool.com psextension.xsd">
    <extensionname>U_LOCKER_COMBO</extensionname>
   <extendedTable type="standalone" dbTableName="U_LOCKER_COMBO" childName="U_LOCKER_COMBO ">
        <field name="SERIAL_NUM" type="String" length="50" comment="Unique name identifying the lock. This can contain alpha numeric characters."/>
        <field name="SCHOOL_ID" type="Integer" comment="Id of school to which the lock belongs"/>
        <field name="LOCK_MAX_COMBO" type="Integer" comment="Number of combination associated with the lock"/>
        <field name="CUR_SEQUENCE_COMBO" type="Integer" comment="Current sequence used for unlocking the lock."/>
        <field name="COMBINATION_1" type="String" length="40" comment="First combination which can be used to unlock the lock"/>
        <field name="COMBINATION_2" type="String" length="40" comment="Second combination which can be used to unlock the lock"/>
        <field name="COMBINATION_3" type="String" length="40" comment="Third combination which can be used to unlock the lock"/>
        <field name="COMBINATION_4" type="String" length="40" comment="Forth combination which can be used to unlock the lock"/>
        <field name="COMBINATION_5" type="String" length="40" comment="Fifth combination which can be used to unlock the lock"/>
        <field name="COMBINATION_6" type="String" length="40" comment="Sixth combination which can be used to unlock the lock"/>
        <field name="COMBINATION_7" type="String" length="40" comment="Seventh combination which can be used to unlock the lock"/>
        <field name="COMBINATION_8" type="String" length="40" comment="Eight combination which can be used to unlock the lock"/>
    </extendedTable>
</psExtension>