<?xml version="1.0" encoding="UTF-8" standalone="yes"?>
<psExtension xmlns="http://www.powerschool.com" xmlns:xsi="http://www.w3.org/2001/XMLSchema-instance" xsi:schemaLocation="http://www.powerschool.com psextension.xsd">
    <extensionname>U_TCHR_ROLLOVER_LEAVES</extensionname>
   <extendedTable coreTable="SCHOOLSTAFF" dbTableName="U_TCHR_ROLLOVER_LEAVES">
        <field name="SICK_LEAVE"  type="String" length="4000" comment="Earned Sick Leave Count"/>
        <field name="PERSONAL_LEAVE" type="String" length="4000" comment="Earned Personal Leave Count"/>
        <field name="VACATION_LEAVE"  type="String" length="4000" comment="Earned Vacation Leave Count"/>
        <field name="PROF_LEAVE"  type="String" length="4000" comment="Earned Professional Leave Count"/>
        <field name="OTHER_LEAVE"  type="String" length="4000" comment="Earned Personal Leave Count"/>
    </extendedTable>
</psExtension>