<?xml version="1.0" encoding="UTF-8" standalone="yes"?>
<psExtension xmlns="http://www.powerschool.com" xmlns:xsi="http://www.w3.org/2001/XMLSchema-instance" xsi:schemaLocation="http://www.powerschool.com psextension.xsd">
    <extensionname>U_TEACHER_ATT_CODE</extensionname>
   <extendedTable type="standalone" dbTableName="U_TEACHER_ATT_CODE" childName="U_TEACHER_ATT_CODE ">
       <field name="CODE" type="String" length="4000" comment="Comment Code User for internal Purpose."/>
       <field name="DESCRIPTION" type="String" length="4000" comment="Text value of the comment."/>
       <field name="IS_ACTIVE" type="boolean" comment="Is standard Active or not."/>
       <field name="YEAR_ID" type="INTEGER" comment="School Year id"/>
       <field name="PRESENT_STATUS" type="Integer" comment="prsesnt or absent code."/>
       <field name="LEAVE_TYPE" type="String" length="4000" comment="Sick, Personal, Vacation, Professional, Other"/>
    </extendedTable>
</psExtension>


