<?xml version="1.0" encoding="UTF-8" standalone="yes"?>
<psExtension xmlns="http://www.powerschool.com" xmlns:xsi="http://www.w3.org/2001/XMLSchema-instance" xsi:schemaLocation="http://www.powerschool.com psextension.xsd">
    <extensionname>U_TEACHER_ATT_DATA</extensionname>
   <extendedTable type="standalone" dbTableName="U_TEACHER_ATT_DATA" childName="U_TEACHER_ATT_DATA ">
       <field name="TEACHERSDCID" type="Integer" comment="Teachers DCID"/>
       <field name="ATT_DATE" type="Date"  comment="Attendance date"/>
       <field name="ATTENDANCE_CODE" type="Integer" comment="Attendance codeid"/>
       <field name="SCHOOLID" type="Integer" comment="School id"/>
        <field name="HOURSDAYS" type="String" length="4000" comment="Hours or days"/>
        <field name="NOTE" type="String" length="4000" comment="Note"/>
    </extendedTable>
</psExtension>


