<?xml version="1.0" encoding="UTF-8" standalone="yes"?>
<psExtension xmlns="http://www.powerschool.com" xmlns:xsi="http://www.w3.org/2001/XMLSchema-instance" xsi:schemaLocation="http://www.powerschool.com psextension.xsd">
    <extensionname>U_PTDS_Health</extensionname>
    <extendedTable coreTable="Students" dbTableName="U_PTDS_HEALTH_MISC" comment="Student Health Data">
        <field name="HCI_APPROVED" type="Boolean" comment="Has the insurance data entered by a parent been approved?  1=Yes, 0=No"/>
        <field name="HCI_PARENT" type="String" length="40" comment="Name of the parent updating the record"/>
        <field name="HCI_INS_CO" type="String" length="100" comment="Insurance Company Name"/>
        <field name="HCI_HEALTH_TYPE" type="String" length="10" comment="What type of Health Insurance Does the Student Have?"/>
        <field name="HCI_POLICY_NUM" type="String" length="100" comment="Health Insurance Policy Number"/>
        <field name="HCI_HAWK_I" type="String" length="1" comment="Any interest in HAWK-I plan?  1=Yes, 0=No"/>
        <field name="HCI_HEALTH_INS" type="String" length="1" comment="Does the student have health insurance?  1=Yes, 0=No"/>
        <field name="HCI_ARCHIVE" type="String" length="300" comment="Archive of prior parent data entry"/>
        <field name="HCI_PARENT_ENTRY" type="String" length="300" comment="Storage for data that the parent has entered via E-Registration"/>
        <field name="HCI_DENTAL_INS" type="String" length="1" comment="Does the student have dental Insurance?  1=Yes, 0=No"/>
        <field name="HCI_PROVIDER" type="String" length="1" comment="Is assistance finding a health care provider required?  1=Yes, 0=No"/>
        <field name="APPROVED_BY" type="Integer" comment="dcid of staff member approving updates"/>
        <field name="APPROVED_ON" type="Date" comment="Date the staff member approved the parent changes to the record"/>
        <field name="PARENT_UPDATE_ON" type="Date" comment="Date the parent added or made updates to the record"/>
    </extendedTable>
    <extendedTable coreTable="Students" dbTableName="U_PTDS_ACCIDENT" childName="U_PTDS_ACCIDENT" comment="Student Accidents">
        <field name="body_part_injured" type="String" length="40" comment="Injured body part (arm, leg, ankle ...)"/>
        <field name="accident_date" type="Date" comment="Date of the accident"/>
        <field name="accident_comments" type="Clob" comment="Comments"/>
        <field name="accident_setting" type="String" length="40" comment="Where did the accident occur (recess, PE, classroom ...)"/>
        <field name="accident_outcome" type="String" length="40" comment="outcome of the accident (home, ambulance, doctor ...)"/>
        <field name="injury_type" type="String" length="40" comment="Type of injury (sprain, break, laceration ...)"/>
        <field name="accident_time" type="String" length="4" comment="Accident time in 24 hour format - 0800"/>
    </extendedTable>
    <extendedTable coreTable="Students" dbTableName="U_PTDS_PHYSICAL" childName="U_PTDS_PHYSICAL" comment="Physical Examinations">
        <field name="Weight" type="String" length="10"/>
        <field name="Height" type="String" length="10"/>
        <field name="Restrictions" type="Clob"/>
        <field name="ConductSigned" type="Boolean"/>
        <field name="Examiner" type="String" length="50"/>
        <field name="ConcFormDate" type="Date"/>
        <field name="PhysicalDate" type="Date" comment="Date of phyiscal"/>
        <field name="Referrals" type="Clob"/>
        <field name="Comments" type="Clob"/>
        <field name="BloodPressure" type="String" length="10"/>
    </extendedTable>
    <extendedTable coreTable="Students" dbTableName="U_PTDS_STUDENTHEALTH" childName="U_PTDS_STUDENTHEALTH" comment="Immunizations ">
        <field name="HEALTHNOTES" type="Clob"/>
        <field name="MCC" type="String" length="1"/>
        <field name="INDIVIDUALPLAN" type="Clob"/>
        <field name="IMMUNIZATIONEXPIRATION" type="Date"/>
        <field name="IMMUNIZATION" type="String" length="1"/>
        <field name="HISTORY" type="Clob"/>
        <field name="EMERGENCYPLAN" type="Clob"/>
        <field name="MCCFIRSTYEAR" type="String" length="5"/>
        <field name="TECHASSISTANCE" type="Clob"/>
        <field name="BUSPROTOCOL" type="Clob"/>
		<field name="HADPOX" type="Boolean" comment="Whether the child had chicked pox at one point or not."/>
		<field name="POXDATE" type="Date" comment="Date the student had chickenpox"/>
		<field name="MEDICALWAIVER" type="Boolean" comment="Legacy field to determine medical waiver"/>
		<field name="MEDICALWAIVEREXPIRATION" type="Date" comment="Legacy field to hold expiration date of medical waiver status"/>
		<field name="RELIGIOUSEXEMPTION" type="Boolean" comment="Legacy field to determine religious exemption status"/>
		<field name="RELIGIOUSEXEMPTIONEXPIRATION" type="Date" comment="Legacy field to hold religious exemption expiration date"/>
    </extendedTable>
    <extendedTable coreTable="Students" dbTableName="U_PTDS_HEALTHCONCERNS" childName="U_PTDS_HEALTHCONCERNS" comment="Store Health Concerns">
        <field name="FormExpireDate" type="Date" comment="When does the Health Concern Form Expire?"/>
        <field name="Approved" type="Boolean" comment="Has the record been approved by staff?"/>
        <field name="PARENT_UPDATE_ON" type="Date" comment="Date the parent added or made updates to the record"/>
        <field name="PARENT_IP" type="String" length="45" comment="IP Address of the updating parent"/>
        <field name="Narrative" type="Clob" comment="Comment"/>
        <field name="ParentRemoved" type="String" length="40" defaultValue="N" comment="Has the parent marked the record for removal?"/>
        <field name="StopDate" type="Date" comment="Date the Health Concern is no longer valid"/>
        <field name="HealthConcern" type="String" length="50" comment="Health Concern Name"/>
        <field name="FormExists" type="Boolean" comment="Has a Health Concern form been submitted."/>
        <field name="ParentName" type="String" length="40" comment="Name of the parent submitting the record."/>
        <field name="APPROVED_BY" type="Integer" comment="dcid of staff member approving updates"/>
        <field name="APPROVED_ON" type="Date" comment="Date the staff member approved the parent changes to the record"/>
    </extendedTable>
    <extendedTable coreTable="Students" dbTableName="U_PTDS_CONTACT_LOG" childName="U_PTDS_CONTACT_LOG" comment="Contact Log">
        <field name="NEED" type="String" length="10" comment="Reason for the contact"/>
        <field name="MEDICAID_CODE" type="String" length="10" comment="Medicaid Code"/>
        <field name="FOLLOW_UP" type="String" length="1" comment="Y=Yes, N=No"/>
        <field name="TIME_IN" type="String" length="4" comment="Start time of the contact in Military time.   (24 hour clock - 0815)"/>
        <field name="INTERVENTION" type="String" length="10" comment="Intervention action taken"/>
        <field name="TIME_OUT" type="String" length="4" comment="End time of the contact in Military Time (24 hour clock - 0815)"/>
        <field name="CONTACTDATE" type="Date" comment="Date contact with the student was made"/>
        <field name="STAFF_MEMBER" type="Integer" comment="Id of the staff member making contact"/>
        <field name="REFERRED_BY" type="String" length="40" comment="Who referred the student?"/>
        <field name="COMMENTS" type="Clob" comment="Contact Comments"/>
        <field name="I_GROUP" type="String" length="10" comment="Groups"/>
    </extendedTable>
    <extendedTable coreTable="Students" dbTableName="U_PTDS_PE_WAIVER" childName="U_PTDS_PE_WAIVER" comment="PE Excuses and Waivers">
        <field name="waiver_enddate" type="Date" comment="Date the waiver ends"/>
        <field name="excused_by" type="String" length="50" comment="Who is the waiver coming from"/>
        <field name="waiver_startdate" type="Date" comment="Date the waiver begins"/>
        <field name="comments" type="Clob" comment="Comments"/>
    </extendedTable>
    <extendedTable coreTable="Students" dbTableName="U_PTDS_MEDICATION" childName="U_PTDS_MEDICATION" comment="Track student medication information">
        <field name="MedicationName" type="String" length="40" comment="Name of the medication"/>
        <field name="TimeGiven" type="String" length="4" comment="Stores the time the medication is to be given."/>
        <field name="MultiDose" type="Integer" defaultValue="1" comment="This field is no longer used"/>
        <field name="StartDate" type="Date" comment="Date the medication starts"/>
        <field name="PARENT_UPDATE_ON" type="Date" comment="Date the parent added or made updates to the record"/>
        <field name="PARENT_IP" type="String" length="45" comment="IP Address of the updating parent"/>
        <field name="ParentRemoved" type="Boolean" comment="Has a parent flagged this record for removal?"/>
        <field name="Dosage" type="String" length="60" comment="Medication Dose"/>
        <field name="ParentName" type="String" length="50" comment="Name of the parent submitting an add/remove request for this record."/>
        <field name="EndDate" type="Date" comment="Date the medication ends"/>
        <field name="Notes" type="Clob" comment="Notes"/>
        <field name="StaffApproved" type="Boolean" comment="Has staff approved this medication record?"/>
        <field name="APPROVED_BY" type="Integer" comment="dcid of staff member approving updates"/>
        <field name="APPROVED_ON" type="Date" comment="Date the staff member approved the parent changes to the record"/>
        <field name="Route" type="String" length="40" comment="Route of Administration"/>
        <field name="ReasonForTaking" type="String" length="40" comment="Why is the medicine being taken?"/>
    </extendedTable>
	<extendedTable coreTable="Students" dbTableName="U_PTDS_EREG_HEALTH_ARCHIVE" childName="U_PTDS_EREG_HEALTH_ARCHIVE" comment="Archive of parent updates">
		<field name="CHANGES_REJECTED" type="Clob" comment="Contains rejected parent updates"/>
		<field name="CHANGES_APPROVED" type="Clob" comment="Contains approved parent updates"/>
	</extendedTable>

    <extendedTable coreTable="Students" dbTableName="U_PTDS_MED_ADMIN" childName="U_PTDS_MED_ADMIN" comment="Student medication administration">
        <field name="DateGiven" type="Date" comment="Date the medication is given"/>
        <field name="TimeGiven" type="String" length="4" comment="Time the medication is given."/>
        <field name="MedicationRecordID" type="integer" comment="Record ID from U_GWAEA_MEDICATION"/>
        <field name="AdministrationStatus" type="String" length="40" comment="Medication Administration Status Code from Dictionary"/>
        <field name="AdministeringStaff" type="Integer" comment="DCID of staff member administering the medication"/>
        <field name="DoseAmount" type="Double" comment="Number of doses given"/>
        <field name="Note" type="String" length="500" comment="Notes"/>
    </extendedTable>

    <extendedTable coreTable="Students" dbTableName="U_PTDS_MED_INVENTORY" childName="U_PTDS_MED_INVENTORY" comment="Medication Inventory Tracking">
        <field name="MedicationRecordID" type="integer" comment="Record ID from U_GWAEA_MEDICATION"/>
        <field name="medAmount" type="Double" comment="Number of doses of the medication received or returned"/>
        <field name="StaffDcid" type="Integer" comment="DCID of staff member receiving or returning the medication"/>
        <field name="medDate" type="Date" comment="Date the medication is received or returned"/>
        <field name="medStatus" type="Integer" comment="Received (1), Returned (2), Destroyed (3)"/>
        <field name="termId" type="integer" comment="term Id of the school year the inventory record belongs to"/>
        <field name="Note" type="String" length="500" comment="Notes"/>
    </extendedTable>
</psExtension>
