<?xml version="1.0" encoding="UTF-8" standalone="yes"?>
<psExtension xmlns="http://www.powerschool.com" xmlns:xsi="http://www.w3.org/2001/XMLSchema-instance" xsi:schemaLocation="http://www.powerschool.com psextension.xsd">
    <extensionname>U_PTDS_EHEALTH_DICTIONARY</extensionname>
    <extendedTable type="standalone" dbTableName="U_PTDS_DICT_EHEALTH" childName="U_PTDS_DICT_EHEALTH" comment="Health Concern Dictionary">
        <field name="Other" type="String" length="50"/>
        <field name="Description" type="String" length="200"/>
        <field name="DictType" type="String" length="2" comment="dictionary type"/>
        <field name="Active" type="Boolean" defaultValue="1"/>
        <field name="code" type="String" length="3" comment="dictionary item code"/>
    </extendedTable>
</psExtension>
