<?xml version="1.0"?>
<psExtension xmlns="http://www.powerschool.com"
xmlns:xsi="http://www.w3.org/2001/XMLSchema-instance"
xsi:schemaLocation="http://www.powerschool.com psextension.xsd">
    <extensionname>U_EWS_STUDENTS</extensionname>
    <extendedTable coreTable="STUDENTS" dbTableName="U_EWS_STUDENTS">
      <field name="EWS_ALERT_CREDIT" type="String" length="4000" remaps="EWS_ALERT_CREDIT"/>
      <field name="EWS_ALERT_LOW_GRADES" type="String" length="4000" remaps="EWS_ALERT_LOW_GRADES"/>
      <field name="EWS_ALERT_DISCIPLINE" type="String" length="4000" remaps="EWS_ALERT_DISCIPLINE"/>
      <field name="EWS_ALERT_ABSENT_DAYS" type="String" length="4000" remaps="EWS_ALERT_ABSENT_DAYS"/>
      <field name="EWS_ALERT_ELA" type="String" length="4000" remaps="EWS_ALERT_ELA"/>
      <field name="EWS_ALERT_MATH" type="String" length="4000" remaps="EWS_ALERT_MATH"/>
      <field name="EWS_ALERT_NEWSTUDENT" type="String" length="4000" remaps="EWS_ALERT_NEWSTUDENT"/>
      <field name="EWS_SCHOOL_DAYS" type="String" length="4000" remaps="EWS_SCHOOL_DAYS"/>
      <field name="EWS_CREDIT_HRS" type="String" length="4000" remaps="EWS_CREDIT_HRS"/>
      <field name="EWS_DISCIPLINE" type="String" length="4000" remaps="EWS_DISCIPLINE"/>
      <field name="EWS_INCIDENT" type="String" length="4000" remaps="EWS_INCIDENT"/>
      <field name="EWS_LOW_GRADES" type="String" length="4000" remaps="EWS_LOW_GRADES"/>
      <field name="EWS_LOW_POWERGRADE" type="String" length="4000" remaps="EWS_LOW_POWERGRADE"/>
      <field name="EWS_ABSENT_DAYS" type="String" length="4000" remaps="EWS_ABSENT_DAYS"/>
      <field name="EWS_ABSENT_PERIODS" type="String" length="4000" remaps="EWS_ABSENT_PERIODS"/>
      <field name="EWS_GRADE_LEVEL" type="String" length="4000" remaps="EWS_GRADE_LEVEL"/>
      <field name="EWS_CALC_DATE" type="String" length="4000" remaps="EWS_CALC_DATE"/>
      <field name="EWS_DAILY_ATT_ABS_DAY" type="String" length="4000" remaps="EWS_DAILY_ATT_ABS_DAY"/>
      <field name="EWS_DAILY_ATT_ABS_TRM" type="String" length="4000" remaps="EWS_DAILY_ATT_ABS_TRM"/>
      
  
	</extendedTable>
</psExtension>   