<?xml version="1.0"?>
<psExtension xmlns="http://www.powerschool.com" xmlns:xsi="http://www.w3.org/2001/XMLSchema-instance" xsi:schemaLocation="http://www.powerschool.com psextension.xsd">

  <extensionname>U_ELL</extensionname>
  <extendedTable coreTable="Students" dbTableName="U_ELL" comment="English Language Learner custom fields">
    <field name="EXPECTED_EL_PROFLEVEL" type="String" length="100"/>
    <field name="EXPECTED_EL_PROFLEVEL_NY" type="String" length="100"/>
    <field name="EXPECTED_EL_PROFLEVELDATE" type="Date"/>
    <field name="No_Primary_Language_Conf" type="Boolean"/>
    <field name="No_Primary_Language_Date" type="Date"/>
    <field name="Home_Lang_Survey_Comments" type="String" length="2000"/>
    <field name="Primary_Lang_Assmnt_Date" type="Date"/>
    <field name="Spanish_IPT" type="Boolean"/>
    <field name="Spanish_IPT_Oral_Date" type="Date"/>
    <field name="Spanish_IPT_Oral_Level" type="String" length="100"/>
    <field name="Spanish_IPT_Oral_Fluency" type="String" length="100"/>
    <field name="Spanish_IPT_Reading_Date" type="Date"/>
    <field name="Spanish_IPT_Reading_Level" type="String" length="100"/>
    <field name="Spanish_IPT_Writing_Date" type="Date"/>
    <field name="Spanish_IPT_Writing_Level" type="String" length="100"/>
    <field name="PLA_SDOAI_Date" type="Date"/>
    <field name="PLA_SDOAI_Designation" type="String" length="25"/>
	<field name="INITIAL_PARENT_NOTIFY" type="Date"/>
	<field name="INITIAL_PARENT_NOTIFY_METHOD" type="String" length="100"/>
	<field name="EL_PROFLEVEL" type="String" length="100"/>
	<field name="EL_PROFLEVELDATE" type="Date"/>
	<field name="INITIAL_EL_PROFLEVEL" type="String" length="100"/>
	<field name="INITIAL_EL_PROFLEVELDATE" type="Date"/>
	<field name="YEARS_ENROLLED_DATE" type="Date"/>
	<field name="YEARS_ENROLLED" type="String" length="5"/>
	<field name="ENROLLMENTGAP" type="String" length="25"/>
	<field name="REQUESTS_EFFECTIVE_DATE" type="Date"/>
	<field name="NASP_EXEMPT_DATE" type="Date"/>
	<field name="NASP_EXEMPT_OPTIONS" type="String" length="100"/>
	<field name="NC_DETERMINATION_DATE" type="Date"/>
	<field name="OUT_LAST_YEAR" type="Boolean"/>
	<field name="COMPLETED_UNDER_2_YEARS" type="Boolean"/>
	<field name="LACKS_LITERACY_PRIMARY_LANG" type="Boolean"/>
	<field name="LACKS_SCHOOL_CULTURE" type="Boolean"/>
	<field name="ENROLLED_UNDER_1_SEMESTER" type="Boolean"/>
	<field name="IS_NEWCOMER" type="Boolean"/>
	<field name="reclassification_date" type="Date"/>
	<field name="reclassification_school" type="String" length="100"/>
	<field name="primary_reclass_code" type="String" length="100"/>
	<field name="secondary_reclass_code" type="String" length="100"/>
	<field name="parent_notified_reclass_date" type="Date"/>
	<field name="parent_notified_reclass" type="String" length="100"/>
	<field name="Primary_Language" type="String" length="250"/>
	<field name="born_us" type="String" length="6"/>
	<field name="born_us_country" type="String" length="50"/>
	<field name="born_us_entered" type="date"/>
	<field name="born_us_entered_school" type="date"/>
	<field name="born_us_refugee" type="String" length="6"/>
  </extendedTable>
  
  <extendedTable coreTable="Students" childName="U_STUDENTS_ELL_REQUESTS" dbTableName="U_STUDENTS_ELL_REQUESTS" comment="All ELL Requests">
    <field name="REQUESTS_EFFECTIVE_DATE" type="Date"/>
    <field name="REQUESTED_IS" type="String" length="2000"/>
    <field name="SCHOOL_YEAR" type="String" length="10"/>
    <field name="OUTCOME_DATE" type="Date"/>
    <field name="OUTCOME" type="String" length="2000"/>
    <field name="SPECIAL_NEED_DATE" type="Date"/>
  </extendedTable>
  
  <extendedTable coreTable="Students" childName="U_STUDENTS_ELL_FOLLOWUP" dbTableName="U_STUDENTS_ELL_FOLLOWUP" comment="All ELL Followups">
    <field name="FOLLOWUP_DATE" type="Date" />
    <field name="OUTCOME_DATE" type="Date"/>
    <field name="OUTCOME" type="String" length="2000"/>
    <field name="ACTION" type="String" length="2000"/>
    <field name="COMMENTS" type="String" length="2000"/>
  </extendedTable>
  
  <extendedTable coreTable="SpEnrollments" dbTableName="U_SPENROLLMENTS_ELL_SERVICE" comment="All ELL Service information stored with special programs">
    <field name="SERVICE_ENTRY_CODE" type="String" length="2000"/>
    <field name="SERVICE_EXIT_CODE" type="String" length="2000"/>
    <field name="SERVICE_NAME" type="String" length="2000"/>
  </extendedTable>
  
  <extendedTable type="standalone" childName="U_ELL_ELLTEST_CONVERSION" dbTableName="U_ELL_ELLTEST_CONVERSION" comment="Table that holds defined calculation values for ELLTEST conversion.">
      <field name="LOW_GRADE_LEVEL" type="Integer"/>
      <field name="HIGH_GRADE_LEVEL" type="Integer"/>
      <field name="SCORE_NAME" type="String" length="15"/>
	  <field name="RAW_SCORE" type="Integer"/>
	  <field name="SCALE_SCORE" type="Integer"/>
	  <field name="PROF_LEVEL" type="String" length="5"/>
	  <field name="YEARID" type="Integer"/>
    </extendedTable>
  
</psExtension>