<?xml version="1.0" encoding="UTF-8" standalone="yes"?>
<psExtension xmlns="http://www.powerschool.com" xmlns:xsi="http://www.w3.org/2001/XMLSchema-instance" xsi:schemaLocation="http://www.powerschool.com psextension.xsd">
    <extensionname>U_ELL_STUDENTS_EXTENSION</extensionname>
    <extendedTable coreTable="Students" dbTableName="U_DEF_EXT_STUDENTS_ELL" comment="Custom Students fields">
        <field name="Home_Language_Survey_Date" type="Date"/>
        <field name="Home_Language_Survey_Q10" type="String" length="100"/>
        <field name="Home_Language_Survey_Q11" type="String" length="100"/>
        <field name="Home_Language_Survey_Q12" type="String" length="100"/>
        <field name="EL_PROFLEVEL" type="String" length="100"/>
        <field name="HomeLanguage" type="String" length="50"/>
        <field name="Home_Language_Survey_Q9" type="String" length="100"/>
        <field name="Home_Language_Survey_Q8" type="String" length="100"/>
        <field name="Home_Language_Survey_Q7" type="String" length="100"/>
        <field name="Home_Language_Survey_Q6" type="String" length="100"/>
        <field name="Home_Language_Survey_Q5" type="String" length="100"/>
        <field name="Home_Language_Survey_Q4" type="String" length="100"/>
        <field name="Home_Language_Survey_Q3" type="String" length="100"/>
        <field name="Home_Language_Survey_Q1" type="String" length="100"/>
        <field name="Home_Language_Survey_Q2" type="String" length="100"/>
        <field name="NativeLanguage" type="String" length="50"/>
    </extendedTable>
</psExtension>
