<queries>
	<query name="org.ptds.common.terms.allterms" coreTable="TERMS" flattened="true">
		<description>Returns terms</description>
		<args>
			<arg name="gwyear" column="YEARID" required="false" default="1" />
		</args>
		<columns>
			<column column="TERMS.DCID">DCID</column>
			<column column="TERMS.ID">ID</column>
			<column column="TERMS.SCHOOLID">SCHOOLID</column>
			<column column="TERMS.NAME">NAME</column>
			<column column="TERMS.FIRSTDAY">FIRSTDAY</column>
			<column column="TERMS.LASTDAY">LASTDAY</column>
			<column column="TERMS.PORTION">PORTION</column>
			<column column="TERMS.YEARID">YEARID</column>
		</columns>
		<sql>
			<![CDATA[
				Select dcid, id, schoolId, Name, FirstDay, LastDay, Portion, YearId
				From Terms 
				Where YearId > :gwyear
				Order By YearId, SchoolId, portion, DCID
			]]>
		</sql>
	</query>


	<query name="org.ptds.common.terms.districtstaff" coreTable="TEACHERS" flattened="true">
		<description>Returns Staff data</description>
		<columns>
			<column column="TEACHERS.DCID">DCID</column>
			<column column="TEACHERS.ID">ID</column>
			<column column="TEACHERS.SCHOOLID">SCHOOLID</column>
			<column column="TEACHERS.CANCHANGESCHOOL">CANCHANGESCHOOL</column>
			<column column="TEACHERS.FIRST_NAME">FIRST_NAME</column>
			<column column="TEACHERS.LAST_NAME">LAST_NAME</column>
		</columns>
		<sql>
			<![CDATA[
				Select dcid, id, schoolId, canChangeSchool, first_name, last_name
				from Teachers 
				Where status = 1
				Order By LAST_NAME desc, FIRST_NAME, DCID
			]]>
		</sql>
	</query>


	<query name="org.ptds.common.students.buildingstudents" coreTable="STUDENTS" flattened="true">
		<description>Returns Student data</description>
		<args>
			<arg name="schoolid" />
		</args>
		<columns>
			<column column="STUDENTS.DCID">DCID</column>
			<column column="STUDENTS.ID">ID</column>
			<column column="STUDENTS.SCHOOLID">SCHOOLID</column>
			<column column="STUDENTS.FIRST_NAME">FIRST_NAME</column>
			<column column="STUDENTS.LAST_NAME">LAST_NAME</column>
			<column column="STUDENTS.GRADE_LEVEL">GRADE_LEVEL</column>
			<column column="STUDENTS.STUDENT_NUMBER">STUDENT_NUMBER</column>
		</columns>
		<sql>
			<![CDATA[
				Select dcid, id, schoolId, first_name, last_name, grade_level, student_number
				from students 
				Where enroll_status in (0,-1) and schoolId = :schoolid
				Order By LAST_NAME desc, FIRST_NAME desc, DCID
			]]>
		</sql>
	</query>
</queries>