<?xml version="1.0" encoding="UTF-8" standalone="yes"?>
<psExtension xmlns="http://www.powerschool.com" xmlns:xsi="http://www.w3.org/2001/XMLSchema-instance" xsi:schemaLocation="http://www.powerschool.com psextension.xsd">
    <extensionname>U_CUSTOM_ALERTS</extensionname>
    <extendedTable coreTable="STUDENTS" dbTableName="U_STUDENT_CUSTOM_ALERT_INFO">
        <field name="Alert_ELL" type="String" length="4000" comment="ELL Alert Information"/>
        <field name="Alert_504" type="String" length="4000" comment="504 Alert Information"/>
        <field name="Alert_IEP" type="String" length="4000" comment="IEP Alert Information"/>
        <field name="Alert_SPED" type="String" length="4000" comment="SPED Alert Information"/>
        <field name="Alert_CUST" type="String" length="4000" comment="CUST Alert Information"/>
        <field name="Alert_ELLExpires" type="String" length="40" comment="Date when ELL alert expires. If set to 0/0/0 then this alert never expires."/>
        <field name="Alert_504Expires" type="String" length="40"   comment="Date when 504 alert expires. If set to 0/0/0 then this alert never expires."/>
        <field name="Alert_IEPExpires" type="String" length="40"   comment="Date when IEP alert expires. If set to 0/0/0 then this alert never expires."/>
        <field name="Alert_SPEDExpires" type="String" length="40"  comment="Date when SPED alert expires. If set to 0/0/0 then this alert never expires."/>
        <field name="Alert_CUSTExpires" type="String" length="40"  comment="Date when CUSTOM alert expires. If set to 0/0/0 then this alert never expires."/>
    </extendedTable>
</psExtension>
