<?xml version="1.0" encoding="UTF-8" standalone="yes"?>
<psExtension xmlns="http://www.powerschool.com" xmlns:xsi="http://www.w3.org/2001/XMLSchema-instance" xsi:schemaLocation="http://www.powerschool.com psextension.xsd">
    <extensionname>U_INCIDENT_ATT_SYNC_CODES</extensionname>
    <extendedTable type="standalone" dbTableName="U_INCIDENT_ATT_SYNC_CODES" childName="U_INCIDENT_ATT_SYNC_CODES">
        <field name="ATT_CODE_ID" type="Integer"  comment="Attendance code id"/>
        <field name="ATT_CODE" type="String" length="4000" comment="attendance code "/>
        <field name="ATT_CODE_DESCRIPTION" type="String" length="4000" comment="Attendance Code description. "/>
        <field name="INCIDENT_ACTION_CODE" type="String" length="4000" comment="Incident Action code which is associated with this attendance code. "/>
        <field name="INC_ACTION_CODE_DESCRIPTION" type="String" length="4000" comment="Attendance Code description. "/>
        <field name="SCHOOLID" type="Integer"  comment="Id of the school"/>
        <field name="YEARID" type="Integer"  comment="YearId"/>
    </extendedTable>
</psExtension>


